<?xml version="1.0" encoding="UTF-8"?>
<book xml:id="spring-android-reference"
    xmlns="http://docbook.org/ns/docbook" version="5.0"
    xmlns:xl="http://www.w3.org/1999/xlink"
    xmlns:xi="http://www.w3.org/2001/XInclude"
    xmlns:xsi="http://www.w3.org/2001/XMLSchema-instance"
    xsi:schemaLocation="
        http://docbook.org/ns/docbook http://www.docbook.org/xml/5.0/xsd/docbook.xsd
        http://www.w3.org/1999/xlink http://www.docbook.org/xml/5.0/xsd/xlink.xsd">

  <info>
    <title>Spring for Android Reference Documentation</title>
    
    <productname>Spring for Android</productname>
    
    <releaseinfo>${version}</releaseinfo>

    <authorgroup>
      <author>
        <personname>
          <firstname>Roy</firstname>
          <surname>Clarkson</surname>
        </personname>
      </author>
    </authorgroup>

    <copyright>
      <year>2010-2014</year>
    </copyright>

    <legalnotice>
      <para>Copies of this document may be made for your own use and for
      distribution to others, provided that you do not charge any fee for such
      copies and further provided that each copy contains this Copyright
      Notice, whether distributed in print or electronically.</para>
    </legalnotice>
    
  </info>

  <toc></toc>
  
  <xi:include href="./overview.xml"/>
  <xi:include href="./rest-template.xml"/>
  <xi:include href="./auth.xml"/>
  <xi:include href="./core.xml"/>
  <xi:include href="./maven.xml"/>
  
</book>
