<?xml version="1.0" encoding="UTF-8"?>
<chapter xml:id="overview" 
    xmlns="http://docbook.org/ns/docbook" version="5.0"
    xmlns:xl="http://www.w3.org/1999/xlink"
    xmlns:xi="http://www.w3.org/2001/XInclude"
    xmlns:xsi="http://www.w3.org/2001/XMLSchema-instance"
    xsi:schemaLocation="
        http://docbook.org/ns/docbook http://www.docbook.org/xml/5.0/xsd/docbook.xsd
        http://www.w3.org/1999/xlink http://www.docbook.org/xml/5.0/xsd/xlink.xsd">

  <title>Spring for Android Overview</title>

  <section id="spring-android-overview-introduction">
	
    <title>Introduction</title>

    <para>The Spring for Android project supports the usage of the Spring Framework in an Android environment. This includes the ability to use RestTemplate as the REST client for your Android applications. Spring for Android also provides support for integrating Spring Social functionality into your Android application, which includes a robust OAuth based, authorization client and implementations for popular social web sites, such as Twitter and Facebook.</para>

  </section>

</chapter>
